{"cameraMode":{"drawMode":24,"name":"Light Overlap","section":"Baked Global Illumination"},"sceneLighting":true,"audioPlay":false,"sceneViewState":{"showFog":true,"showMaterialUpdate":true,"showSkybox":false,"showFlares":true,"showImageEffects":true,"showParticleSystems":true},"in2DMode":false,"pivot":{"x":0.004943251609802246,"y":0.45220184326171877,"z":-0.03140953183174133},"rotation":{"x":0.2539856433868408,"y":0.1766367256641388,"z":-0.047347601503133777,"w":0.9498316049575806},"size":0.8895933032035828,"orthographic":false}