{"cameraMode":{"drawMode":24,"name":"Light Overlap","section":"Baked Global Illumination"},"sceneLighting":false,"audioPlay":false,"sceneViewState":{"showFog":true,"showMaterialUpdate":true,"showSkybox":false,"showFlares":true,"showImageEffects":true,"showParticleSystems":true},"in2DMode":false,"pivot":{"x":-0.7576526403427124,"y":0.7496713995933533,"z":4.14986515045166},"rotation":{"x":0.09251860529184342,"y":-0.7350035905838013,"z":0.1022266075015068,"w":0.6639959216117859},"size":1.0362093448638917,"orthographic":false}