{"cameraMode":{"drawMode":24,"name":"Light Overlap","section":"Baked Global Illumination"},"sceneLighting":false,"audioPlay":false,"sceneViewState":{"showFog":true,"showMaterialUpdate":true,"showSkybox":false,"showFlares":true,"showImageEffects":true,"showParticleSystems":true},"in2DMode":false,"pivot":{"x":-1.4446752071380616,"y":-1.3430382013320923,"z":-7.4917378425598148},"rotation":{"x":0.05249721556901932,"y":-0.943572461605072,"z":0.27213287353515627,"w":0.181631937623024},"size":2.468303918838501,"orthographic":false}