{"cameraMode":{"drawMode":24,"name":"Light Overlap","section":"Baked Global Illumination"},"sceneLighting":true,"audioPlay":false,"sceneViewState":{"showFog":true,"showMaterialUpdate":true,"showSkybox":true,"showFlares":true,"showImageEffects":true,"showParticleSystems":true},"in2DMode":false,"pivot":{"x":20.016864776611329,"y":-3.432666778564453,"z":84.64386749267578},"rotation":{"x":-0.013557073660194874,"y":0.8487609624862671,"z":-0.5283740162849426,"w":-0.022376524284482003},"size":7.301581859588623,"orthographic":false}